gene_symbol,module,module_membership_kME,in_robust_mrna,in_ml_panel,in_priority_top80,is_tnik
ITLN1,M01,0.6117735747343495,False,False,False,False
MFAP5,M01,0.6322185213781776,False,False,False,False
PLA2G2A,M01,0.8145133493739943,False,False,False,False
LYVE1,M01,0.6574074746677657,False,False,False,False
PRG4,M01,0.5503065107172566,False,False,False,False
CA3,M01,0.5632422798598957,False,False,False,False
H19,M01,0.5342099343856117,False,False,False,False
SFRP1,M01,0.7407956711935696,False,False,False,False
UPK1B,M01,0.5638890314168483,False,False,False,False
MMRN1,M01,0.5648130197886038,False,False,False,False
TFPI2,M01,0.4504361702402536,False,False,False,False
APOD,M01,0.3989512962596132,False,False,False,False
ANGPTL1,M01,0.5434918275840791,False,False,False,False
C7,M01,0.7238269868660503,False,False,False,False
F13A1,M01,0.6427692938253882,False,False,False,False
WT1,M01,0.7199969202826012,False,False,False,False
PLTP,M01,0.5814733414438812,False,False,False,False
PDGFD,M01,0.7172291251018378,False,False,False,False
RSPO3,M01,0.7240179502454187,False,False,False,False
PTGIS,M01,0.7666134490058646,False,False,False,False
CPA4,M01,0.6099855138952749,False,False,False,False
BPIFB1,M02,0.8849333634153206,True,False,False,False
DDX3Y,M02,0.1767647612608048,False,False,False,False
BPIFA1,M02,0.7152439848348049,True,False,False,False
UTY,M02,0.18039265859652287,False,False,False,False
MMP1,M02,0.7460747946756223,True,False,False,False
SPP1,M02,0.6704781772428013,True,False,True,False
ZBBX,M02,0.9566507365863438,True,False,False,False
EIF1AY,M02,0.1745506341815872,False,False,False,False
SNTN,M02,0.9517570522444944,True,False,False,False
PROM1,M02,0.9476217169207737,True,False,True,False
MS4A8,M02,0.9497182506660082,True,False,False,False
MMP7,M02,0.8136885895424362,True,False,True,False
CP,M02,0.9213704289424489,True,False,True,False
KRT5,M02,0.8940040142909603,True,False,True,False
KDM5D,M02,0.17152838318310504,False,False,False,False
USP9Y,M02,0.2225341078457521,False,False,False,False
FAM216B,M02,0.9573095237516556,True,False,False,False
CDHR3,M02,0.9542956523046611,True,False,False,False
WDR96,M02,0.9650432139729032,True,False,False,False
SCGB1A1,M02,0.7361449115985664,False,False,False,False
C1ORF194,M02,0.9403816642133358,True,False,False,False
EFCAB1,M02,0.9607711868368681,True,False,False,False
RPS4Y1,M02,0.15600155636537338,False,False,False,False
DNAH12,M02,0.9599507977894929,True,False,False,False
SPAG6,M02,0.9545155905741205,True,False,False,False
MSMB,M02,0.7305290321741056,True,False,False,False
IGKV1D-27,M02,0.5094353469184082,False,False,False,False
PLEKHS1,M02,0.952253423110551,True,False,False,False
DTHD1,M02,0.964935290477462,True,False,False,False
TMEM212,M02,0.9458174715448044,False,False,False,False
ASPN,M02,0.5921136719417599,True,True,True,False
DNAAF1,M02,0.9402882905359187,True,False,False,False
ENKUR,M02,0.9601989845511407,True,False,False,False
TMEM232,M02,0.9506426655962541,True,False,False,False
CHDC2,M02,0.9510444954725118,False,False,False,False
TSPAN1,M02,0.9445366808211647,True,False,False,False
TXLNGY,M02,0.22657771322287748,False,False,False,False
ARMC3,M02,0.9676478004683321,True,False,False,False
IGKV2D-28,M02,0.5354728290335874,False,False,False,False
RSPH10B2,M02,0.9531044419768804,True,False,False,False
MUC5B,M02,0.8558441774725826,True,False,True,False
IGKV2D-26,M02,0.5094317176522493,False,False,False,False
STOML3,M02,0.9512073235143139,True,False,False,False
VSIG1,M02,0.2066336096939776,True,False,False,False
LRRIQ1,M02,0.966737900273182,True,False,False,False
C20ORF85,M02,0.9476729283279651,True,False,False,False
FAM154B,M02,0.9587359379763555,False,False,False,False
DNAH6,M02,0.9658990462506667,True,False,False,False
DNAH10,M02,0.959778678986597,True,False,False,False
LRRC46,M02,0.9522466054998504,True,False,False,False
WDR49,M02,0.9515571801559158,True,False,False,False
RSPH4A,M02,0.9594440414516284,True,False,True,False
DSC3,M02,0.8626128492275178,True,False,False,False
SFRP2,M02,0.5954408216330244,True,False,False,False
HSD17B13,M02,0.5478396838135573,False,False,False,False
IGKV1OR2-3,M02,0.5216296125681534,False,False,False,False
IGHV4-59,M02,0.5659079549321593,False,False,False,False
IGHV1OR15-1,M02,0.44026977598997796,False,False,False,False
ERICH3,M02,0.9658567914221395,True,False,False,False
SLC27A2,M02,0.8746481221388877,True,False,False,False
SERPINB3,M02,0.7596976819861231,True,False,False,False
C12ORF55,M02,0.9521199516522312,False,False,False,False
IGKV3D-11,M02,0.5379025775496662,False,False,False,False
CCDC146,M02,0.9708168634064117,True,False,False,False
SPAG17,M02,0.9627972853666714,True,False,True,False
SPATA18,M02,0.9706122285504586,True,False,True,False
HYDIN,M02,0.9583352710878299,True,False,False,False
GSTA1,M02,0.9390707072433188,True,False,False,False
DNAH9,M02,0.9618970682776351,True,False,False,False
IGKV6-21,M02,0.4615546840110048,False,False,False,False
ZFY,M02,0.15345174064531322,False,False,False,False
TEKT1,M02,0.9521581694749027,True,False,True,False
CCDC11,M02,0.962109004483205,True,False,False,False
DNAH3,M02,0.9606016239463245,True,False,False,False
C1ORF192,M02,0.951731936992989,False,False,False,False
ALOX15,M02,0.8704759542013303,True,False,False,False
WDR78,M02,0.9680975233446011,False,False,False,False
C11ORF88,M02,0.947825848857956,True,False,False,False
CYP24A1,M02,0.8270432034440891,True,False,True,False
LOC642131,M02,0.5367136924979724,False,False,False,False
IGKV3D-20,M02,0.5427940983461383,False,False,False,False
LRRC48,M02,0.9547400768629811,False,False,False,False
DNAH11,M02,0.945460492708436,False,False,False,False
ROPN1L,M02,0.9292805151700212,True,False,False,False
C6,M02,0.9436696951918724,True,False,True,False
ABCA13,M02,0.8968387763047067,True,False,False,False
C6ORF165,M02,0.9687205807420809,True,False,False,False
SCGB3A2,M02,0.6368611153737775,False,False,False,False
TDO2,M02,0.23659116681500808,True,False,True,False
CD24,M02,0.858937731174418,True,True,True,False
IGHV3-73,M02,0.544526770572491,False,False,False,False
ARMC4,M02,0.9626844841264189,True,False,True,False
IGKV1D-43,M02,0.5540099577620687,False,False,False,False
RP1,M02,0.9023161387254394,False,False,False,False
MDH1B,M02,0.9596659480785581,True,False,False,False
LTF,M02,0.5980362096972153,False,False,False,False
LOC102724453,M02,0.5256806054455654,False,False,False,False
SCGB3A1,M02,0.8565862486482284,True,False,False,False
CXORF22,M02,0.9499376979565028,False,False,False,False
CHIT1,M02,0.4028317798389857,False,False,False,False
RSPH1,M02,0.9626558017761374,True,False,False,False
C9ORF135,M02,0.9487912075269535,True,False,False,False
DNAH5,M02,0.8884993467018427,True,False,True,False
DNAH7,M02,0.9641170850971704,True,False,False,False
IGKV2D-24,M02,0.5081457255472018,False,False,False,False
VWA3B,M02,0.9512268409885232,True,False,False,False
C10ORF107,M02,0.940790165158755,False,False,False,False
NEK10,M02,0.9611059959857223,True,False,False,False
EFHB,M02,0.9446356173622749,False,False,False,False
FAM81B,M02,0.9617394811511726,True,False,True,False
IGKV1D-33,M02,0.5583115461373669,False,False,False,False
WDR16,M02,0.9565411903211948,True,False,False,False
DAW1,M02,0.9158811479130451,False,False,False,False
DRC1,M02,0.9549181318846414,True,False,False,False
KIAA1324,M02,0.8525832455471744,False,False,False,False
CCDC173,M02,0.9322964284901927,True,False,False,False
EFCAB10,M02,0.9572595571279807,True,False,False,False
PIP,M02,0.860809422927738,True,False,False,False
KRT15,M02,0.8890478510126043,True,False,True,False
TTC25,M02,0.9630175794365143,True,False,False,False
DNAI1,M02,0.9586245051510548,True,False,True,False
CCDC80,M02,0.45031057389062706,True,False,True,False
IGKC,M02,0.54807603780101,False,False,False,False
SPATA17,M02,0.9706892438987493,True,False,False,False
ADGB,M02,0.9567604366043575,True,False,False,False
C6ORF118,M02,0.956383347977209,True,False,False,False
CHST9,M02,0.9570017085275749,True,False,True,False
IQUB,M02,0.9615775652655086,True,False,False,False
MMP13,M02,0.7698728240646524,True,False,False,False
CAPN13,M02,0.9061880212144418,True,False,False,False
POSTN,M02,0.4693019735250525,True,False,True,False
SOX2,M02,0.9617981551790796,True,False,False,False
IGKV3OR2-268,M02,0.533972376043642,False,False,False,False
RNU6-247P,M02,0.3234698860239631,False,False,False,False
CCDC113,M02,0.9679378089075751,True,False,True,False
FANK1,M02,0.962879948538764,True,False,False,False
IGKV1D-42,M02,0.5698068861407363,False,False,False,False
CLCA2,M02,0.8546575047021446,True,False,False,False
HHLA2,M02,0.8689191906404129,True,False,False,False
COL14A1,M02,0.5792544949918501,True,True,True,False
TEX9,M02,0.9747954075393136,True,False,False,False
WDR65,M02,0.9555403431367288,True,False,False,False
C1ORF87,M02,0.9481928358470039,False,False,False,False
C20ORF26,M02,0.9584776931505163,False,False,False,False
TMPRSS4,M02,0.9046402717578176,True,False,False,False
IGHV3-7,M02,0.5685876821425428,False,False,False,False
CCDC170,M02,0.9676192573995147,True,False,False,False
WDR63,M02,0.9636061066487888,True,False,False,False
AK7,M02,0.9407457900783555,True,False,False,False
MUC16,M02,0.835487309670687,True,False,False,False
FAM183A,M02,0.9339493680039298,False,False,False,False
COL1A1,M02,0.37980228373329616,True,False,True,False
MNS1,M02,0.9521778890509974,True,False,True,False
CXCL13,M02,0.5443127517383167,True,False,True,False
NEK5,M02,0.9533485747997933,True,False,False,False
CAPSL,M02,0.9591243682261642,True,False,False,False
RGS22,M02,0.9678287894422776,True,False,False,False
IGHV3-52,M02,0.572773755706594,False,False,False,False
IGKV2D-40,M02,0.3603205424815294,False,False,False,False
C9ORF117,M02,0.9384317578002281,False,False,False,False
MUC4,M02,0.8875783274144463,True,False,True,False
TNC,M02,0.3603816156692845,True,False,False,False
CLDN8,M02,0.8767419163357107,False,False,False,False
MROH9,M02,0.9502879921054107,True,False,False,False
CASC1,M02,0.9609401102447622,True,False,False,False
SYNPO2,M02,0.6608687101702497,True,False,True,False
PRSS12,M02,0.8863838489110737,False,False,False,False
IL5RA,M02,0.9673273066771023,False,False,False,False
CAPS,M02,0.9495097227888234,True,False,False,False
MORN5,M02,0.9423167049624397,True,False,False,False
SLITRK6,M02,0.8637790352045598,False,False,False,False
TTC18,M02,0.9422937571596713,False,False,False,False
PIH1D2,M02,0.9428737739556919,True,False,False,False
CLDN1,M02,0.7409975138399659,True,False,True,False
NELL2,M02,0.9263134741568066,True,False,False,False
WDR66,M02,0.9491487428511702,True,False,False,False
AADAC,M02,0.3346387350519837,False,False,False,False
MAP3K19,M02,0.9562910037838365,True,False,False,False
IGF1,M02,0.2833882438101792,True,False,True,False
FAM227A,M02,0.9412699175374417,False,False,False,False
COL3A1,M02,0.3502147997363632,True,False,True,False
HSPA4L,M02,0.9141156150978874,True,False,False,False
CWH43,M02,0.9094764668899235,True,False,False,False
MS4A1,M02,0.4237043911783615,False,False,False,False
TMEM45A,M02,0.8969099955808082,True,False,False,False
SLAMF7,M02,0.4773057300592204,True,False,True,False
IGHV3OR16-7,M02,0.5539036092288597,False,False,False,False
IGHV3-74,M02,0.566157999406431,False,False,False,False
C1ORF110,M02,0.8617150265052418,True,False,False,False
PLA2G7,M02,0.3082126219804383,False,False,False,False
DLEC1,M02,0.9250998396602111,False,False,False,False
IGHV3-43,M02,0.5780581814434509,False,False,False,False
PTPRZ1,M02,0.730976197284876,False,False,False,False
THY1,M02,0.38432139289921025,True,False,True,False
PIFO,M02,0.9394460309387157,False,False,False,False
STOX1,M02,0.9356159616718434,True,False,False,False
AGBL2,M02,0.9539386200439682,True,False,False,False
CEACAM5,M02,0.5077116395159228,False,False,False,False
SFRP4,M02,0.38235052849482265,True,False,True,False
AMPD1,M02,0.5736662771137765,True,False,False,False
GSTA2,M02,0.7880054953435517,False,False,False,False
STK33,M02,0.942168491617653,False,False,False,False
SLN,M02,0.5124487657160397,True,False,False,False
ADH7,M02,0.8767171648865636,True,False,False,False
C11ORF70,M02,0.9467578852741421,True,False,False,False
MMP9,M02,0.20131515197170144,False,False,False,False
CCDC39,M02,0.9529455837901074,False,False,False,False
AGR2,M02,0.7213233696589759,False,False,False,False
KRT6A,M02,0.752236319317292,False,False,False,False
IL13RA2,M02,0.5020690109320435,True,False,False,False
CCDC17,M02,0.933810119454584,True,False,False,False
ALS2CR12,M02,0.9070779604706365,False,False,False,False
CCDC60,M02,0.953534392614322,True,False,False,False
PPIL6,M02,0.9282188165591422,False,False,False,False
CLIC6,M02,0.9223269140804938,True,False,True,False
MAATS1,M02,0.9452220123312473,False,False,False,False
ACTG2,M02,0.6352404111125263,True,False,False,False
EFHC2,M02,0.9645748346734776,True,False,False,False
LCN2,M02,0.7277841708233561,False,False,False,False
IGKV5-2,M02,0.3462539918637863,False,False,False,False
FAP,M02,0.2592945870951722,True,False,False,False
PTCHD4,M02,0.47702634756647666,True,False,False,False
PACRG,M02,0.9587546196989678,True,False,False,False
TP63,M02,0.9121516900117912,True,False,True,False
TSGA10,M02,0.955782524582683,False,False,False,False
NME5,M02,0.9515246828128981,False,False,False,False
MS4A2,M02,0.5004219469212284,False,False,False,False
CPA3,M02,0.44384838933273846,True,False,False,False
IGJ,M02,0.5873664950821842,True,False,False,False
MIR8071-1,M02,0.5458846508485815,False,False,False,False
TSPAN8,M02,0.6281454197669946,False,False,False,False
TRIM29,M02,0.9374307645415345,True,False,False,False
IGLV7-46,M02,0.3467764661017285,False,False,False,False
DCDC1,M02,0.9410074328366552,True,False,False,False
PRSS2,M02,0.2750318706978688,False,False,False,False
SERPINB5,M02,0.8179096254409707,True,False,True,False
VWA3A,M02,0.9292854043518587,False,False,False,False
PI15,M02,0.2723431730284155,False,False,False,False
CERKL,M02,0.9516500775556275,False,False,False,False
FGF14,M02,0.8751475905151894,False,False,False,False
CDH3,M02,0.7584297914576374,True,True,True,False
KIAA1377,M02,0.9146777024655766,False,False,False,False
DES,M02,0.6171682704744026,True,False,False,False
TMEM67,M02,0.9397298124534891,False,False,False,False
CYP2F1,M02,0.8569555238212394,False,False,False,False
EPC1,M02,0.5899246611719736,False,False,False,False
TEKT2,M02,0.9360343359038267,False,False,False,False
DPY19L2P2,M02,0.9261350626244166,False,False,False,False
FRMPD2,M02,0.9330445561966413,False,False,False,False
DZIP3,M02,0.9512460784316726,False,False,False,False
FAM83D,M02,0.6262504079824767,True,False,False,False
SLC44A4,M02,0.9478675771894655,True,False,False,False
C1ORF189,M02,0.8932921742481887,False,False,False,False
ROBO2,M02,0.230255845606118,False,False,False,False
NEK11,M02,0.947579087484998,False,False,False,False
KCNRG,M02,0.9377553958576905,False,False,False,False
ZNF385D,M02,0.6462989336382147,True,False,False,False
LRRC6,M02,0.9471844187204723,False,False,False,False
FNDC1,M02,0.5074722520730393,True,True,True,False
CCDC65,M02,0.9311267141479124,False,False,False,False
SPA17,M02,0.9234639864153256,False,False,False,False
CR2,M02,0.3447499280701227,False,False,False,False
MMP10,M02,0.6955761379362426,False,False,False,False
SULF1,M02,0.6297895850835498,True,False,True,False
EFHC1,M02,0.9466082151647378,False,False,False,False
PLEKHG7,M02,0.9511657843880995,True,False,False,False
SPEF2,M02,0.9284025734086943,False,False,False,False
SIX1,M02,0.940342088422218,True,False,False,False
IGLV6-57,M02,0.46643491313053564,False,False,False,False
NTS,M02,0.36729263594977785,False,False,False,False
UBXN10,M02,0.9546881794426906,True,False,False,False
CCDC176,M02,0.9432762013858812,False,False,False,False
CDHR4,M02,0.8756810557904054,False,False,False,False
LRRC17,M02,0.44596144436287277,True,True,True,False
GPR110,M02,0.5242657285425707,False,False,False,False
IGHV3-35,M02,0.5650181479140685,False,False,False,False
BMPR1B,M02,0.9130415748318181,False,False,False,False
TTC29,M02,0.9392838288264321,False,False,False,False
EYA1,M02,0.929856221343069,False,False,False,False
MYH11,M02,0.6110346730705561,True,False,False,False
CCDC81,M02,0.9133639967743888,False,False,False,False
ST6GALNAC1,M02,0.9192320396026344,True,False,False,False
SERPIND1,M02,0.4293223882501853,True,False,False,False
IQCG,M02,0.9444537055692085,True,False,False,False
DNAJA4,M02,0.9414615799799944,False,False,False,False
UGT1A1,M02,0.8694794948106211,True,False,False,False
VTCN1,M02,0.9011869125445492,True,False,False,False
SLC22A4,M02,0.8600416521040486,False,False,False,False
SRD5A2,M02,0.9338640326131366,False,False,False,False
LDLRAD1,M02,0.9218888664568846,False,False,False,False
IGKV1D-16,M02,0.5677925870038815,False,False,False,False
DSP,M02,0.800039357803006,False,False,False,False
C1ORF158,M02,0.9205268933548634,False,False,False,False
DCLK1,M02,0.5447675673503978,True,False,True,False
DNAH2,M02,0.944456146667712,False,False,False,False
SERPINI2,M02,0.9248643022141243,True,False,False,False
MYOCD,M02,0.6017778394897152,False,False,False,False
FAT2,M02,0.8362281012434287,False,False,False,False
VNN3,M02,0.7252686581853364,False,False,False,False
GEM,M02,0.4377779690737892,True,False,False,False
MAK,M02,0.9235687270445715,False,False,False,False
IGKV1OR9-2,M02,0.5264581226985264,False,False,False,False
WDR38,M02,0.910214785390332,False,False,False,False
LRRN1,M02,0.7280636775128161,True,False,True,False
IGKV1OR9-1,M02,0.5331116613120309,False,False,False,False
CASQ2,M02,0.569838883931008,False,False,False,False
NWD1,M02,0.9225112871575951,False,False,False,False
CHI3L1,M02,0.11333124784352508,False,False,False,False
CCDC19,M02,0.9436272515424565,False,False,False,False
PLN,M02,0.6034968814545618,True,False,False,False
UGT2B11,M02,0.41053620241375605,False,False,False,False
PTPRT,M02,0.9347391976150504,False,False,False,False
ANKRD18B,M02,0.8942093337009904,False,False,False,False
WDR52,M02,0.8908582013675033,False,False,False,False
DNER,M02,0.9234599124975117,False,False,False,False
OGN,M02,0.44410172593142216,True,False,False,False
MUC21,M02,0.3731632389916335,False,False,False,False
C1ORF168,M02,0.8659532030602421,False,False,False,False
TPPP3,M02,0.8872234614781158,False,True,False,False
SEMA3D,M02,0.309050040613955,False,False,False,False
RPGRIP1L,M02,0.9366879696304858,True,False,True,False
CFB,M02,0.5378654004470561,False,False,False,False
IGKV2D-18,M02,0.559411311287878,False,False,False,False
KCNJ16,M02,0.8931953062486216,False,False,False,False
IGHV3OR16-8,M02,0.5639261130244657,False,False,False,False
C7ORF63,M02,0.8954496275517457,False,False,False,False
MYB,M02,0.9074523645492087,False,False,False,False
CAPS2,M02,0.93492648316018,False,False,False,False
MMP12,M02,0.5905279510497654,False,False,False,False
MUC15,M02,0.6228395601722609,False,False,False,False
C4ORF22,M02,0.9251957777757797,False,False,False,False
IGFBP5,M02,0.44943354807599467,False,False,False,False
PRUNE2,M02,0.7865098708341395,True,False,False,False
DNALI1,M02,0.915949638925844,False,False,False,False
CKMT1B,M02,0.8390255595973479,False,False,False,False
ZMYND10,M02,0.9354838884863237,False,False,False,False
CTSK,M02,0.5423813981369683,True,False,False,False
CYP4X1,M02,0.8715324307165211,False,False,False,False
FAM47E,M02,0.8974729983463136,False,False,False,False
LOC100506990,M02,0.6544958326499822,False,False,False,False
CRISPLD1,M02,0.872368968163647,True,False,False,False
CDH2,M02,0.5891807059246255,True,False,True,False
ADAM28,M02,0.8063238309919443,False,False,False,False
EPHA3,M02,0.43953413692086807,True,False,False,False
AGR3,M02,0.7034877684905521,False,False,False,False
FHAD1,M02,0.9339697513391743,False,False,False,False
COL15A1,M02,0.5288939769684486,True,False,False,False
LRRC23,M02,0.9367393405185169,False,False,False,False
CD1C,M02,0.37661336604924334,False,False,False,False
KIF21A,M02,0.932788904089236,False,False,False,False
CCDC30,M02,0.9338067961585113,False,False,False,False
MIR34C,M02,0.8835535929765856,False,False,False,False
PPAP2C,M02,0.9305492637594516,True,False,False,False
NSUN7,M02,0.8815876943769013,False,False,False,False
ADAMDEC1,M02,0.1984120067938946,False,False,False,False
FCRL5,M02,0.45856163886442286,False,False,False,False
ABCB1,M02,0.39620098822968436,False,False,False,False
HMCN1,M02,0.48872048457466044,True,True,True,False
EFCAB12,M02,0.9173555563963469,False,False,False,False
LRGUK,M02,0.9341056163829626,False,False,False,False
ANKFN1,M02,0.9501890367980039,False,False,False,False
SIX4,M02,0.9544522740590853,True,False,True,False
C7ORF57,M02,0.9276953981414415,False,False,False,False
KLHL13,M02,0.8869897495169743,True,True,True,False
FOXJ1,M02,0.8914336824173518,False,False,False,False
ECM2,M02,0.43394840604254586,False,False,False,False
ARMC2,M02,0.9498290572280101,False,False,False,False
COL17A1,M02,0.7942203297154248,True,False,True,False
LOC100652824,M02,0.9098930635046392,False,False,False,False
DSG3,M02,0.6784355997086021,False,False,False,False
HDC,M02,0.3749530682128446,True,False,False,False
HPSE2,M02,0.5903871587711322,True,False,False,False
TMEM231,M02,0.9526603394270985,False,False,False,False
KRT17,M02,0.8161648220718798,False,False,False,False
CFTR,M02,0.26278108311619824,False,False,False,False
CXCL6,M02,0.7615515510552003,False,False,False,False
FBXO15,M02,0.9195498687974207,False,False,False,False
ATP6V0D2,M02,0.27386145777850185,False,False,False,False
PAMR1,M02,0.5080510476322142,True,False,False,False
HPGDS,M02,0.3220174484015488,False,False,False,False
MMP16,M02,0.540169552750398,False,False,False,False
DIO2,M02,0.5781886116341284,True,False,True,False
TTLL9,M02,0.9178543416097101,False,False,False,False
SERPINB13,M02,0.7606601531673607,False,False,False,False
NPHP1,M02,0.9496453942038173,False,False,False,False
DNAI2,M02,0.9260660504470343,False,False,False,False
CKMT1A,M02,0.8330868496326636,False,False,False,False
CD79A,M02,0.4509584649233108,False,False,False,False
PZP,M02,0.9458134358862856,False,False,False,False
CTSE,M02,0.4264213046102451,False,False,False,False
MXRA5,M02,0.4645734981190187,True,False,False,False
C1ORF141,M02,0.8296875276914364,False,False,False,False
LMNTD1,M02,0.9384421167500492,False,False,False,False
ITGB8,M02,0.826604541722,True,False,False,False
GPR15,M02,0.04228291271324247,False,False,False,False
PCDP1,M02,0.8091281515147262,False,False,False,False
DYNC2H1,M02,0.9167197827646016,False,False,False,False
LPPR4,M02,0.4608534496924041,True,False,False,False
COL6A3,M02,0.2755762712271388,True,False,True,False
SERPINE2,M02,0.364407644276514,False,False,False,False
GXYLT2,M02,0.5539846593622156,False,False,False,False
PFN2,M02,0.922255117357341,False,False,False,False
THBS2,M02,0.30905220194765265,False,False,False,False
SPOCK3,M02,0.819834202846488,False,False,False,False
LOC728715,M02,0.5515392959514339,False,False,False,False
GSTA3,M02,0.8918907534580053,False,False,False,False
IQCA1,M02,0.9135716675821078,False,False,False,False
CHST6,M02,0.8755469915154758,False,False,False,False
TTC26,M02,0.9215018149065148,False,False,False,False
EFCAB6,M02,0.9523927603981668,False,False,False,False
ATP12A,M02,0.8238180003541689,False,False,False,False
GPR87,M02,0.8299922496900465,False,False,False,False
MORN2,M02,0.8980978563624368,False,False,False,False
RASSF9,M02,0.7968192111981012,False,False,False,False
KRT23,M02,0.7255132109581927,False,False,False,False
PIGR,M02,0.5472776357996649,False,False,False,False
SLC18A2,M02,0.5001992355787508,False,False,False,False
RGS13,M02,0.3842754345889685,False,False,False,False
CNGA4,M02,0.9074340640232563,False,False,False,False
C9ORF24,M02,0.9058821647513617,False,False,False,False
KIAA1407,M02,0.9106888041626267,False,False,False,False
SPATS1,M02,0.8920385829908969,False,False,False,False
APOBEC4,M02,0.9001313040334249,False,False,False,False
GOLM1,M02,0.8972417391441537,True,False,True,False
RALGPS2,M02,0.7635538851284556,False,False,False,False
COL1A2,M02,0.2867396185188386,True,False,True,False
PSD3,M02,0.7570345030867357,True,True,True,False
FGF7,M02,0.13382792140689684,False,False,False,False
PGM5,M02,0.5428528873080134,False,False,False,False
LGSN,M02,0.7329746147106933,False,False,False,False
CLDN16,M02,0.934499408537813,False,False,False,False
SLFN13,M02,0.9165393162914517,False,False,False,False
GABRP,M02,0.7850735265513137,False,False,False,False
CXCL14,M02,0.5949725555576036,True,False,True,False
GDF15,M02,0.22225554165999659,False,False,False,False
COMP,M02,0.43901682966957933,True,False,False,False
NBEA,M02,0.9172755698357428,False,False,False,False
CNTN3,M02,0.8800591980649108,True,False,False,False
ZMYND12,M02,0.9112651026773384,False,False,False,False
ANKRD45,M02,0.9356109306155491,False,False,False,False
CCL13,M02,0.2755282485829725,True,False,False,False
RAB27B,M02,0.22372885621274677,False,False,False,False
EHF,M02,0.781032782233321,False,False,False,False
PIM2,M02,0.5048774157075933,False,False,False,False
CC2D2A,M02,0.9263974383273627,False,False,False,False
ITGA2,M02,0.4088752234349456,False,False,False,False
GPX8,M02,0.5448920423902376,True,False,False,False
ANGPT2,M02,0.09338653102845182,False,False,False,False
ERN2,M02,0.8762398156307121,False,False,False,False
RPL13AP17,M02,0.4871912362548799,False,False,False,False
KIAA1751,M02,0.9105302508224917,False,False,False,False
BCAS1,M02,0.8694273675295452,False,False,False,False
HIST1H3I,M02,0.3489040413263227,False,False,False,False
FABP3,M02,-0.06627370528371589,False,False,False,False
IGKV1D-8,M02,0.41633517781873186,False,False,False,False
CYP2J2,M02,0.8923838629742483,False,False,False,False
MAP1A,M02,0.9059309689855168,True,False,False,False
CCL21,M02,0.3268118694804841,False,False,False,False
ZNF474,M02,0.86213190374809,False,False,False,False
GRHL1,M02,0.8240095396398642,False,False,False,False
PDK1,M02,0.3904897351690508,False,False,False,False
OSBPL6,M02,0.9066481118908873,False,False,False,False
FAM83B,M02,0.8621050519847994,False,False,False,False
LOC100131581,M02,0.5762734697095947,False,False,False,False
RNU1-24P,M02,0.7233845093481602,False,False,False,False
IRF6,M02,0.834383633995907,False,False,False,False
CCNA1,M02,0.8773271287882258,False,False,False,False
ALDH3A1,M02,0.8717906925497668,False,False,False,False
PDGFRL,M02,0.3395794715906367,False,False,False,False
GREM1,M02,0.5766866683828985,False,False,False,False
BMP5,M02,0.2546737093530112,False,False,False,False
PAX9,M02,0.8945428603562148,False,False,False,False
MUC20,M02,0.8548688110558812,False,False,False,False
TM4SF19,M02,0.30283621823261053,False,False,False,False
CCL24,M02,0.170423887208012,False,False,False,False
COL5A2,M02,0.1340585694044577,False,False,False,False
ZNF204P,M02,0.6405900087402256,False,False,False,False
BCHE,M02,0.3763028040693237,False,False,False,False
IL33,M02,0.4842129536774519,False,False,False,False
CHL1,M02,0.6950187855720986,False,False,False,False
MARCH10,M02,0.946914633382805,False,False,False,False
CD27,M02,0.4990477584097998,False,False,False,False
CCDC74A,M02,0.9151746228557112,False,False,False,False
PIH1D3,M02,0.8947418984359006,False,False,False,False
CCDC103,M02,0.9012227967544143,False,False,False,False
TGFB3,M02,0.46989675069845044,True,False,False,False
NLGN4Y,M02,0.26152299548165153,False,False,False,False
ASB14,M02,0.8522608037864634,False,False,False,False
TCTN2,M02,0.8721258452634736,False,False,False,False
HCAR1,M02,0.8403103492277024,False,False,False,False
CPE,M02,0.4090078322804082,False,False,False,False
CCDC135,M02,0.9163681824398137,False,False,False,False
MACC1,M02,0.6206961501280712,False,False,False,False
GFRA1,M02,0.5563271701564787,False,False,False,False
GBP6,M02,0.8403414787948196,False,False,False,False
PCDH18,M02,0.253086143188766,False,False,False,False
PDE7B,M02,0.5962330481193238,True,True,True,False
TTC40,M02,0.920048498149083,False,False,False,False
NRP2,M02,0.7094834222978388,False,False,False,False
AMY2A,M02,0.6302060744548595,False,False,False,False
TMEM156,M02,0.4252341841849324,False,False,False,False
TCTEX1D1,M02,0.840062104667008,False,False,False,False
CNN1,M02,0.5622745939942764,False,False,False,False
CFH,M02,0.5578185484923499,True,True,True,False
CCDC114,M02,0.8964754966523903,False,False,False,False
FAM13C,M02,0.5380228009943462,False,False,False,False
APLNR,M02,0.27892983661397913,False,False,False,False
IL1RN,M02,0.2097640212620085,False,False,False,False
ZNF215,M02,0.4518415034501698,False,False,False,False
FABP6,M02,0.883104950346672,False,False,False,False
TMC5,M02,0.8006233882952389,False,False,False,False
C12ORF75,M02,0.8797836550776285,True,False,False,False
PPP1R42,M02,0.8940038117384984,False,False,False,False
DYNLRB2,M02,0.9107115337574728,False,False,False,False
CD1E,M02,0.4532580942384426,False,False,False,False
ANXA8,M02,0.5199511247444661,False,False,False,False
CBLN4,M02,0.295811709410138,False,False,False,False
SLPI,M02,0.46630917962443114,False,False,False,False
PTPN20B,M02,0.7833563721291509,False,False,False,False
LAMP5,M02,0.3656752860472285,False,False,False,False
RGS5,M02,0.366680329573784,False,False,False,False
TRIM2,M02,0.8652957066042926,True,False,False,False
SERPINB11,M02,0.6252405085392211,False,False,False,False
CAP2,M02,0.7379214760107036,False,False,False,False
AK9,M02,0.8789490498649597,False,False,False,False
SAMD15,M02,0.8983336321137334,False,False,False,False
WDR93,M02,0.8870698845484243,False,False,False,False
PDE5A,M02,0.32236641109514796,False,False,False,False
FBXO32,M02,0.5585001127769972,False,False,False,False
TNS4,M02,0.8227008658412681,False,False,False,False
TYMS,M02,0.4330798392024126,False,False,False,False
ASPA,M02,0.34992817068196663,False,False,False,False
CDH26,M02,0.9168181532177473,False,False,False,False
LTBP1,M02,0.5443844853493673,True,False,True,False
ABCD2,M02,0.6877796938812276,False,False,False,False
ZNF521,M02,0.4502726457693241,False,False,False,False
GRAMD1C,M02,0.8395953475472616,False,False,False,False
TTC30B,M02,0.8210379258188399,False,False,False,False
NME9,M02,0.909907750947663,False,False,False,False
CYSLTR1,M02,0.4050460009987457,False,False,False,False
SLC44A5,M02,0.4502786308277954,False,False,False,False
KRT4,M02,0.39586964003899683,False,False,False,False
S100A2,M02,0.786930257996706,False,False,False,False
GLT8D2,M02,0.4548527849941271,False,False,False,False
IRF4,M02,0.3731327899142162,False,False,False,False
HORMAD1,M02,0.5731179608616156,False,False,False,False
TSPAN11,M02,0.7665226780787655,False,False,False,False
ITGB4,M02,0.8404932819067419,False,False,False,False
MIR4697HG,M02,0.6036287971066588,False,False,False,False
PKP2,M02,0.5026525446054928,False,False,False,False
CNTN1,M02,0.3241196812710155,False,False,False,False
ADAM12,M02,0.3517123523478665,False,False,False,False
SLC4A5,M02,0.7033397854326447,False,False,False,False
ENO4,M02,0.9403279785211072,False,False,False,False
LXN,M02,0.6051635324013666,False,False,False,False
POF1B,M02,0.8699047644928456,False,False,False,False
LINC01140,M02,0.35391995177060803,False,False,False,False
PDLIM3,M02,0.39522350507563564,False,False,False,False
PPP1R14C,M02,0.8025744991956246,False,False,False,False
RASSF6,M02,0.8782257287255276,False,False,False,False
PGM2L1,M02,0.8623689818541351,False,False,False,False
PDE3A,M02,0.42931195759084156,False,False,False,False
CD180,M02,0.15000101922922535,False,False,False,False
FMO6P,M02,0.8402026630667369,False,False,False,False
KIAA0825,M02,0.7811605493743354,False,False,False,False
FMO3,M02,0.3707295936668815,False,False,False,False
DFNA5,M02,0.7149563264906281,False,False,False,False
RIBC2,M02,0.928574680312211,False,False,False,False
KRT17P2,M02,0.7910147954470439,False,False,False,False
SEMA3A,M02,0.4670069834995811,False,False,False,False
PRRX1,M02,0.3569539708000268,False,False,False,False
WFDC2,M02,0.8280941222813175,False,False,False,False
ANLN,M02,0.43268531117771675,False,False,False,False
C8ORF34,M02,0.8316832623944512,False,False,False,False
LOC400891,M02,0.8609277822152973,False,False,False,False
NRG4,M02,0.8669796471834719,False,False,False,False
TCTEX1D2,M02,0.9161081672986154,False,False,False,False
DERL3,M02,0.5167783693748661,False,False,False,False
SLC4A11,M02,0.8910067659897142,False,False,False,False
LUM,M02,0.2713089664488455,False,False,False,False
PROM2,M02,0.8518555521521797,False,False,False,False
MAPK10,M02,0.8380257090164892,False,False,False,False
KLHL32,M02,0.9239748139041148,False,False,False,False
DMD,M02,0.7529464119561726,False,False,False,False
TOP2A,M02,0.39782956677958825,False,False,False,False
ODF2L,M02,0.8475497083570892,False,False,False,False
MET,M02,0.7243660165626651,False,False,False,False
RNU1-94P,M02,0.7846827315161794,False,False,False,False
EGFL6,M02,0.17526304540146237,False,False,False,False
HOOK1,M02,0.655783669292074,False,False,False,False
C1QTNF3,M02,0.40372712256054677,False,False,False,False
FAM92B,M02,0.9155110828488099,False,False,False,False
LRRC49,M02,0.8742910787504803,False,False,False,False
CCDC147,M02,0.914292310764594,False,False,False,False
SNORD116-21,M02,0.376844138885101,False,False,False,False
MLF1,M02,0.8350599262211581,False,False,False,False
ITGA7,M02,0.3627093820411842,False,False,False,False
TSPAN6,M02,0.9121325070108703,False,False,False,False
PAPPA,M02,0.1619348544317462,False,False,False,False
KIT,M02,0.23651976203325703,False,False,False,False
ITGBL1,M02,0.10759534231587604,False,False,False,False
RASEF,M02,0.37090697244107734,False,False,False,False
GNAL,M02,0.7667144860907394,False,False,False,False
KIAA0101,M02,0.3080414411141161,False,False,False,False
RNU6-888P,M02,0.3722734081049802,False,False,False,False
CRISP3,M02,0.4438533201137218,False,False,False,False
MOXD1,M02,0.221770664518713,False,False,False,False
AK8,M02,0.9200106921313336,False,False,False,False
DHRS9,M02,0.6485747255741477,False,False,False,False
HLA-DOB,M02,0.37606872278137665,False,False,False,False
CEACAM6,M02,0.48464961216261704,False,False,False,False
FERMT1,M02,0.8495842798462973,False,False,False,False
C4B,M02,0.3923864500719366,False,False,False,False
PTGFRN,M02,0.6580472769567366,True,True,True,False
FBN1,M02,0.23955254363668768,False,False,False,False
CPXM1,M02,0.09909181417899875,False,False,False,False
TM4SF18,M02,0.12440150379811071,False,False,False,False
FLNC,M02,0.5217138939579188,False,False,False,False
PCDH7,M02,0.7299874429477297,True,False,False,False
NT5E,M02,0.6616093316066477,False,False,False,False
SMOC2,M02,0.3900483507621679,False,False,False,False
KCNE4,M02,0.08827159768013598,False,False,False,False
RNU6-925P,M02,0.33090980954073973,False,False,False,False
TTC21A,M02,0.9018504578236898,False,False,False,False
ST6GALNAC2,M02,0.7064903127938885,False,False,False,False
RFX3,M02,0.907468024882936,False,False,False,False
MUC13,M02,0.6866650774163383,False,False,False,False
MOK,M02,0.9154849540064455,False,False,False,False
CORIN,M02,0.18264028726776552,False,False,False,False
FRZB,M02,0.23423231501165864,False,False,False,False
ANK2,M02,0.4594827456836256,True,False,False,False
IFT81,M02,0.8950559153899883,False,False,False,False
C16ORF93,M02,0.8975688260966165,False,False,False,False
CLDN10,M02,0.682093855454444,False,False,False,False
PTN,M02,0.22299428569245494,False,False,False,False
ELF3,M02,0.5451443793448321,False,False,False,False
DNAAF3,M02,0.8897083133636289,False,False,False,False
SPINK1,M02,0.06672667505015906,False,False,False,False
SCNN1G,M02,0.4681268717677052,False,False,False,False
PLAC8,M02,0.3318511896846637,False,False,False,False
TACR1,M02,0.6808960583593517,False,False,False,False
CCDC108,M02,0.9194020650109557,False,False,False,False
LAX1,M02,0.3927438952447051,False,False,False,False
DSG2,M02,0.47711607809153644,False,False,False,False
IFT172,M02,0.9083671002190661,False,False,False,False
TNFRSF19,M02,0.7560534208867475,False,True,False,False
CETN2,M02,0.8949362627549716,False,False,False,False
BRINP3,M02,0.4633620093202079,False,False,False,False
NAALADL2,M02,0.794433012226104,False,False,False,False
ALDH1A3,M02,0.6547038496040353,False,False,False,False
ATP1A2,M02,0.43063635300536285,False,False,False,False
SYTL2,M02,0.7605787187859505,True,True,True,False
NCRNA00185,M02,0.21931585371845047,False,False,False,False
MIR205,M02,0.7987799419698,False,False,False,False
FBXL13,M02,0.8893738879862871,False,False,False,False
ADAMTSL1,M02,0.4921628373684232,False,False,False,False
AKAP6,M02,0.7759232457724188,False,False,False,False
AIM2,M02,0.17832719417771398,False,False,False,False
ZNF440,M02,0.885015596909913,False,False,False,False
AHNAK2,M02,0.5720459448338823,False,False,False,False
SRGAP3,M02,0.9309197914074663,False,False,False,False
FZD3,M02,0.8947920212843281,False,False,False,False
TMEM45B,M02,0.5149861956411766,False,False,False,False
BANK1,M02,-0.01001879964699468,False,False,False,False
IGKV1OR2-108,M02,0.49795919928945215,False,False,False,False
AKAP14,M02,0.9114869051430524,False,False,False,False
LTBP2,M02,0.1702695713715723,False,False,False,False
CCDC42B,M02,0.8956910907471596,False,False,False,False
GLB1L2,M02,0.88224882129332,False,False,False,False
CPXM2,M02,0.5691423520819707,False,False,False,False
KRT8,M02,0.31546367693463784,False,False,False,False
SGPP2,M02,0.3136400993712209,False,False,False,False
DLG2,M02,0.3239238957599428,False,False,False,False
SEMA3E,M02,0.3874832919323131,False,False,False,False
VSNL1,M02,0.6024541726964079,False,False,False,False
CD38,M02,0.38317139312059845,False,False,False,False
KIF6,M02,0.9318358280405977,False,False,False,False
CTHRC1,M02,0.4439553593568526,False,False,False,False
CLEC5A,M02,-0.012585676537609577,False,False,False,False
C20ORF96,M02,0.9143597099398659,False,False,False,False
MRVI1,M02,0.49897308563902826,False,False,False,False
KLHL4,M02,0.3778159959319519,False,False,False,False
PLCB4,M02,0.6793135083847525,False,False,False,False
RGS7BP,M02,0.4912207834115759,False,False,False,False
IGLV9-49,M02,0.3697983777339874,False,False,False,False
BAAT,M02,0.4625542845704675,False,False,False,False
COL12A1,M02,-0.035213728769403874,False,False,False,False
AQP5,M02,0.7537790128573989,False,False,False,False
CCDC148,M02,0.9267236440674568,False,False,False,False
SLC9C2,M02,0.8791649214118142,False,False,False,False
LINC00893,M02,0.4804114941349416,False,False,False,False
FMO1,M02,0.3232955092936296,False,False,False,False
CCDC138,M02,0.913216795124525,False,False,False,False
CXCL12,M02,0.42452591780598947,False,False,False,False
MAP6,M02,0.9337865042966672,False,False,False,False
ACTA2,M02,0.47122780812663884,False,False,False,False
APOE,M02,-0.028220250250084546,False,False,False,False
CD79B,M02,0.1849842051566457,False,False,False,False
EPCAM,M02,0.3549446894999003,False,False,False,False
ITGAV,M02,0.31673008371930234,False,False,False,False
KRT18,M02,0.040430882600481256,False,False,False,False
LEF1,M02,0.44847495640097873,False,False,False,False
MZB1,M02,0.3931831208397219,False,False,False,False
WNT5A,M02,0.5007080645686648,False,False,False,False
WNT7B,M02,0.4091119911088347,False,False,False,False
RNU5D-1,M03,0.3507266836370617,False,False,False,False
RNA5SP242,M03,0.8333108065326384,False,False,False,False
RNU2-2P,M03,0.7670532406552101,False,False,False,False
SNORA80E,M03,0.670266909463818,False,False,False,False
RNU4-2,M03,0.6786724916030783,False,False,False,False
PTCH2,M03,0.6518619571371498,False,False,False,False
RNA5SP191,M03,0.6750049086955305,False,False,False,False
RNU1-11P,M03,0.810955287884877,False,False,False,False
SNORD47,M03,0.6420000456235474,False,False,False,False
SNORA21,M03,0.7155129718285463,False,False,False,False
RNU1-89P,M03,0.825921218132264,False,False,False,False
SNORD29,M03,0.6521738844328036,False,False,False,False
RNVU1-18,M03,0.768646254790021,False,False,False,False
SNORA64,M03,0.7775712221263487,False,False,False,False
SNORD38B,M03,0.5485136519447782,False,False,False,False
SNORA73A,M03,0.7696016555366402,False,False,False,False
MT-RNR1,M03,0.15055630289694763,False,False,False,False
RNU5E-1,M03,0.6437710515572637,False,False,False,False
COX7B,M03,0.4248790365755283,False,False,False,False
RNA5SP403,M03,0.6577277014325381,False,False,False,False
RNVU1-15,M03,0.3969480294595563,False,False,False,False
SNORD3B-1,M03,0.546663592063965,False,False,False,False
SNORD28,M03,0.6821655932351384,False,False,False,False
SNORD58A,M03,0.5542662016457671,False,False,False,False
RNU1-67P,M03,0.7408518521928207,False,False,False,False
SCARNA6,M03,0.8156225517006629,False,False,False,False
SNORA20,M03,0.7280736465037707,False,False,False,False
SNORD116-24,M03,0.6687396882113117,False,False,False,False
RNA5SP85,M03,0.750163026347935,False,False,False,False
RNU11,M03,0.6824607772740026,False,False,False,False
USP17L15,M04,-0.879238907925331,False,False,False,False
MT-TT,M04,-0.38348981085755107,False,False,False,False
MT-TW,M04,-0.7483060397313789,False,False,False,False
MT-TG,M04,-0.5978296678147251,False,False,False,False
MT-TL2,M04,-0.8515935757422618,False,False,False,False
SNORD115-1,M04,-0.44515847417038673,False,False,False,False
MT-TQ,M04,-0.8560958878879718,False,False,False,False
GAGE12F,M04,-0.7936158321460212,False,False,False,False
USP17L3,M04,-0.8675738291050545,False,False,False,False
MT-TN,M04,-0.8964967177245642,False,False,False,False
REXO1L1P,M04,-0.7877187549015301,False,False,False,False
USP17L6P,M04,-0.8550003808402126,False,False,False,False
MT-TP,M04,-0.8629873261595256,False,False,False,False
SNORD115-5,M04,-0.5297411180739665,False,False,False,False
MT-TA,M04,-0.8783352131909913,False,False,False,False
LOC100288884,M04,-0.8474864230170419,False,False,False,False
LINC00328,M04,-0.8213255174384626,False,False,False,False
SNORD115-6,M04,-0.4375579149297466,False,False,False,False
MT-TH,M04,-0.837438745458208,False,False,False,False
MT-TK,M04,-0.6321439118808956,False,False,False,False
MT-TS1,M04,-0.8801495904084342,False,False,False,False
SNORD116-6,M04,-0.5025911855066804,False,False,False,False
OR4F29,M04,-0.576964314488829,False,False,False,False
MT-TS2,M04,-0.8306873303827373,False,False,False,False
CDR1,M04,-0.13296637159243566,False,False,False,False
MT-TC,M04,-0.8214380013437602,False,False,False,False
SNORD115-44,M04,-0.427901364120504,False,False,False,False
EIF4B,M04,-0.27649448080114364,False,False,False,False
NUCKS1,M04,-0.2504539181003461,False,False,False,False
RNA5SP295,M04,-0.7676173076131663,False,False,False,False
MT-TY,M04,-0.669410199565196,False,False,False,False
MALAT1,M04,-0.3414017118856214,False,False,False,False
REXO1L2P,M04,-0.7936823422426699,False,False,False,False
DUX4,M04,-0.6812951617871951,False,False,False,False
MT-TE,M04,-0.7992991384033397,False,False,False,False
FLJ16171,M04,-0.4241497028876459,False,False,False,False
RN7SL417P,M04,-0.43039132276873493,False,False,False,False
MT-TD,M04,-0.4955805612074688,False,False,False,False
TMEM51-AS1,M04,-0.7525721726183514,False,False,False,False
ND2,M04,-0.7387055590159775,False,False,False,False
FAM90A1,M04,-0.7824264636693992,False,False,False,False
UFM1,M04,-0.17470169141596295,False,False,False,False
ND1,M04,-0.4773381101982387,False,False,False,False
GSTM1,M05,-0.9999999999999998,False,False,False,False
PER3,M06,0.30073798864935636,False,False,False,False
F8,M06,0.18937412190592537,False,False,False,False
MIR145,M06,0.7879349868761643,False,False,False,False
ABCA10,M06,0.7724581347529685,False,False,False,False
RNU6-522P,M06,0.5387953174668574,False,False,False,False
BMP1,M06,0.34937647961026697,False,False,False,False
MIR15A,M06,0.4686324019159439,False,False,False,False
LOC101060546,M06,0.668351277743105,False,False,False,False
ABCA9,M06,0.6694336295645793,False,False,False,False
WEE1,M06,0.46228255454387035,False,False,False,False
ANKRD36C,M06,0.4256587874444268,False,False,False,False
RNA5SP268,M06,0.5195760595699048,False,False,False,False
CCDC144A,M06,0.4784850260425376,False,False,False,False
RN7SKP137,M06,0.5378603688870981,False,False,False,False
SNORD113-4,M06,0.27454572915759196,False,False,False,False
MIR27B,M06,0.6035929725509582,False,False,False,False
TAS2R43,M06,0.35914274924397643,False,False,False,False
MIR29C,M06,0.6270164377092067,False,False,False,False
RNU6-853P,M06,0.5105490005840506,False,False,False,False
RNU6-321P,M06,0.5424963006396626,False,False,False,False
LOC101927628,M06,0.4225642598115285,False,False,False,False
TAS2R31,M06,0.6487520899581094,False,False,False,False
LOC100131826,M06,0.7071518075650218,False,False,False,False
CCDC144CP,M06,0.4899203869312041,False,False,False,False
USP32P1,M06,0.3269291634177918,False,False,False,False
MIR30C2,M06,0.6672965240386451,False,False,False,False
ANKRD20A5P,M06,0.5614721538284628,False,False,False,False
ANKRD20A12P,M06,0.6428424689199224,False,False,False,False
ABCA6,M06,0.6558784532093629,False,False,False,False
LINC00268,M06,0.47640286574663326,False,False,False,False
RNU6-343P,M06,0.46974512952404357,False,False,False,False
ANKRD36,M06,0.5778258771447194,False,False,False,False
LOC389834,M06,0.5294935404024154,False,False,False,False
OLFML1,M06,0.3435591737422622,False,False,False,False
RNA5SP385,M06,0.5899060997004351,False,False,False,False
LINC00472,M06,0.514663804557474,False,False,False,False
MIR23B,M06,0.70044661094148,False,False,False,False
MIR224,M06,0.6990570320807674,False,False,False,False
MIR218-1,M06,0.6592185560062476,False,False,False,False
RNU6-1226P,M06,0.6879279662538063,False,False,False,False
ABCA8,M06,0.5964519771768757,False,False,False,False
MIR29B2,M06,0.6842660812641252,False,False,False,False
SNORD64,M06,0.8370040487523932,False,False,False,False
ANKRD36B,M06,0.6487810838022289,False,False,False,False
RNU4ATAC16P,M06,0.7360330970345299,False,False,False,False
MGC24103,M06,0.7178829759095269,False,False,False,False
SNORD114-2,M06,0.35695204502360794,False,False,False,False
HOXA5,M06,0.4927698131939835,False,False,False,False
LPHN3,M06,0.48585098276325994,False,False,False,False
MIRLET7F1,M06,0.6735592877854218,False,False,False,False
AGBL1,M06,0.26709693274555,False,False,False,False
ANKRD20A11P,M06,0.5822885246694725,False,False,False,False
RFTN2,M06,0.4804456326826759,False,False,False,False
RNU6-199P,M06,0.5299695767016077,False,False,False,False
PCDHB4,M06,0.44480749153264354,False,False,False,False
SNRPN,M06,0.7225150874878324,False,False,False,False
SNORD109B,M06,0.8309099094744198,False,False,False,False
ADHFE1,M06,0.5607543554167141,False,False,False,False
FGF10,M06,0.286458902639224,False,False,False,False
RNU6-1045P,M06,0.649882248585343,False,False,False,False
ITGA8,M06,0.5305757361946272,False,False,False,False
NTRK2,M06,0.2310886560088655,False,False,False,False
PLEKHH2,M06,0.768259564851287,False,False,False,False
RNA5SP195,M06,0.7553390643780615,False,False,False,False
FMO2,M06,0.42833744563745435,False,False,False,False
OMD,M06,0.26136383248916895,False,False,False,False
CNTNAP3B,M06,0.5720606985177253,False,False,False,False
PCDHB16,M06,0.38230095308723483,False,False,False,False
LOC102725104,M06,0.7302237970121017,False,False,False,False
LOC102724229,M06,0.5494599761307429,False,False,False,False
RNU6-560P,M06,0.5567216186643791,False,False,False,False
OR2A7,M06,0.1840709148853305,False,False,False,False
ZEB2,M06,0.5879150765134963,False,False,False,False
FLJ36840,M06,0.5431754553976469,False,False,False,False
RPL23AP32,M06,0.6793621012589969,False,False,False,False
OR2A9P,M06,0.3759987672250145,False,False,False,False
MEOX2,M06,0.41946200965703645,False,False,False,False
HIP1,M06,0.622991394299193,False,False,False,False
NR1D2,M06,0.2804547069447708,False,False,False,False
RN7SL648P,M06,0.823371748889581,False,False,False,False
OR5P2,M06,0.36033058132423784,False,False,False,False
TAS2R20,M06,0.683501899111866,False,False,False,False
RNU7-35P,M06,0.658666946247264,False,False,False,False
NPIPB5,M06,0.574825459787079,False,False,False,False
DCN,M06,0.40701611249532493,False,False,False,False
FZD1,M06,0.18471168637670932,False,False,False,False
LRP6,M06,0.38677643958102376,False,False,False,False
TCF7L2,M06,0.40796141289122184,False,False,False,False
NTM,M07,0.75895093355364,False,False,False,False
THNSL2,M07,0.7589509335536396,False,False,False,False
GSTT1,M08,0.9999999999999999,False,False,False,False
SLC6A4,M09,-0.808459489771883,True,False,True,False
HP,M09,-0.2279793215706974,False,False,False,False
ANKRD1,M09,-0.7496775028530973,True,False,False,False
IL1R2,M09,-0.6436511910071773,False,True,False,False
FGG,M09,-0.5831569852060111,False,False,False,False
RTKN2,M09,-0.6666110426287655,True,False,True,False
SELE,M09,0.021109214258649887,False,False,False,False
IL6,M09,-0.37289398740331337,False,False,False,False
FCN3,M09,-0.9046283635575023,True,False,False,False
CPB2,M09,-0.7767953000847794,True,False,False,False
FOSB,M09,-0.11072211493401736,False,False,False,False
PGC,M09,-0.7018753540515681,True,False,False,False
MT1M,M09,-0.6880951666234254,True,False,False,False
DEFA1B,M09,-0.5940770836334782,False,False,False,False
TMEM100,M09,-0.8697274905802962,True,False,False,False
SOSTDC1,M09,-0.6034763942440298,False,False,False,False
SERPINE1,M09,-0.5180486631273186,False,False,False,False
PTX3,M09,-0.43317199890769914,False,False,False,False
AGER,M09,-0.8424080151400584,True,False,False,False
VIPR1,M09,-0.8535286442856528,True,False,False,False
FIGF,M09,-0.6386140450993953,True,False,False,False
MGAM,M09,-0.7655106795641717,False,True,False,False
SLC6A14,M09,-0.6433248011027222,False,False,False,False
ABCA3,M09,-0.8995805552568502,True,False,False,False
VCAM1,M09,0.3559521977566294,True,False,True,False
AREG,M09,-0.33569996574851424,False,False,False,False
S100A12,M09,-0.7328028679347904,True,False,False,False
ADAMTS4,M09,-0.30751626477206206,False,False,False,False
CLEC4E,M09,-0.7509037061245886,True,False,False,False
SLCO4A1,M09,-0.7504113348331757,True,True,True,False
PPBP,M09,-0.38667134972219397,False,False,False,False
C4BPA,M09,-0.5267778020824531,False,False,False,False
IL1RL1,M09,-0.6931521484225651,True,False,False,False
HAS2,M09,0.2542699279257764,True,False,False,False
PEBP4,M09,-0.8074480550300469,True,False,True,False
HPGD,M09,-0.7447423462732318,False,False,False,False
OLR1,M09,-0.5171886227298723,False,False,False,False
HHIP,M09,-0.8067060114562851,True,False,False,False
FGA,M09,-0.6141950738037522,False,False,False,False
FOS,M09,-0.2965766587582548,False,False,False,False
FABP4,M09,-0.38600217956269317,False,False,False,False
CLDN18,M09,-0.757389467509733,False,False,False,False
PLA2G1B,M09,-0.8386071223615055,True,False,True,False
CHIAP2,M09,-0.49955191696842277,False,False,False,False
ZBTB16,M09,-0.6234252431424991,True,False,False,False
BTNL9,M09,-0.7808050728538813,True,False,False,False
VEPH1,M09,-0.6286089479658538,False,False,False,False
GKN2,M09,-0.7423385378949988,False,False,False,False
SLCO4C1,M09,-0.7725608523940801,False,False,False,False
CCL20,M09,-0.20166941305395086,False,False,False,False
RND1,M09,-0.5434067752078258,False,False,False,False
NR4A2,M09,-0.1447936218680622,False,False,False,False
FKBP5,M09,-0.6304717542418733,False,False,False,False
LRP2,M09,-0.7994960645113052,False,False,False,False
HECW2,M09,-0.8534967439026099,True,False,False,False
TTN,M09,-0.6913273662389553,False,False,False,False
TNFAIP6,M09,-0.045547061233832765,False,False,False,False
S100A8,M09,-0.7609588795342848,True,False,False,False
EGR1,M09,-0.18588390724645618,False,False,False,False
NECAB1,M09,-0.8656131943019941,True,True,True,False
CHI3L2,M09,-0.6691495956246436,False,False,False,False
IL7R,M09,-0.8161148987487595,False,False,False,False
MT1X,M09,-0.5325556603306557,False,False,False,False
RGS1,M09,-0.027532964603467318,False,False,False,False
FMO5,M09,-0.7211565065661752,True,False,False,False
IL18RAP,M09,-0.7726816635216825,True,False,False,False
DMBT1,M09,-0.2763884372931783,False,False,False,False
CCL2,M09,0.051825772483243174,False,False,False,False
ORM1,M09,-0.43878422050663396,False,False,False,False
THBS1,M09,-0.5452264446750489,False,False,False,False
SERPINA3,M09,-0.4237090442920015,False,False,False,False
CCDC141,M09,-0.712742668836088,False,False,False,False
GLDN,M09,-0.7771260938061706,False,False,False,False
SLC39A8,M09,-0.9030450345367362,True,False,False,False
AGTR2,M09,-0.6520477500217076,False,False,False,False
LRRK2,M09,-0.7235431704467197,False,False,False,False
SDR16C5,M09,-0.8546476069575732,False,False,False,False
RN7SL600P,M09,-0.46513500197299,False,False,False,False
FASN,M09,-0.8006133812642402,False,False,False,False
ADAMTS1,M09,-0.4468166541892874,False,False,False,False
CACNA2D2,M09,-0.8071033582968534,True,False,False,False
PLA2G4F,M09,-0.851625419886126,True,False,True,False
MS4A15,M09,-0.5478301129321864,True,False,False,False
WIF1,M09,-0.0952346553380051,False,False,False,False
COL6A6,M09,-0.2737041164135541,False,False,False,False
SCEL,M09,-0.6202800730618029,False,False,False,False
HBEGF,M09,-0.725455521393795,False,False,False,False
PDK4,M09,-0.5660055207175674,False,False,False,False
HSD17B6,M09,-0.6913906117616802,True,False,False,False
GRIA1,M09,-0.706232208117665,True,False,False,False
NR4A3,M09,-0.08582570463437247,False,False,False,False
CD274,M09,-0.7881348286560882,False,False,False,False
GALNT15,M09,-0.1421942372554021,False,False,False,False
ACADL,M09,-0.8093337577680437,True,False,False,False
IL1B,M09,-0.36068759505479137,False,False,False,False
MT1P1,M09,-0.5782019638730937,False,False,False,False
SMAD6,M09,-0.8434964253777641,True,False,True,False
SCD,M09,-0.7548303292699922,False,False,False,False
CD163,M09,-0.7393521751058535,False,False,False,False
SLC5A8,M09,-0.5430102638322838,False,False,False,False
INMT,M09,-0.7585142934459972,True,False,True,False
ALOX15B,M09,-0.7363350878581775,False,False,False,False
IL18R1,M09,-0.7235330013707781,True,False,False,False
VNN2,M09,-0.5791130113494952,False,False,False,False
MT1JP,M09,-0.6270498125569681,True,False,False,False
MT1A,M09,-0.5311093157171918,False,False,False,False
LEPREL1,M09,-0.851569660778928,True,False,False,False
CYR61,M09,-0.49514028207878613,False,False,False,False
FCGR1A,M09,-0.44985424951573916,False,False,False,False
MT2A,M09,-0.5999876180332147,False,False,False,False
ADM,M09,-0.5799815341371276,False,False,False,False
FPR2,M09,-0.7904379354290401,False,False,False,False
FPR1,M09,-0.7764838179076184,False,False,False,False
NR4A1,M09,-0.3588073746232717,False,False,False,False
MFSD2A,M09,-0.9027443777614347,True,False,False,False
AQP9,M09,-0.5685774245668881,False,False,False,False
LINC00312,M09,-0.6636521128956192,False,False,False,False
ADAMTS9,M09,-0.16118790963710958,False,False,False,False
TNIP3,M09,0.07613716869415171,False,False,False,False
CRTAC1,M09,-0.7835042479819929,True,False,True,False
SLC7A11,M09,-0.4241947284104575,False,False,False,False
GFPT2,M09,-0.33110452967742027,False,False,False,False
NCKAP5,M09,-0.6273232089559456,False,False,False,False
AOX1,M09,-0.3863729336658009,False,False,False,False
MME,M09,-0.7932133878741379,True,False,False,False
CD69,M09,-0.297760345487352,False,False,False,False
MMP8,M09,-0.2872175677121072,False,False,False,False
RXFP1,M09,-0.8067573732987325,True,False,False,False
MT2P1,M09,-0.5890447103619316,False,False,False,False
ESM1,M09,-0.6537531604131749,False,False,False,False
LOC100131131,M09,-0.2142318743976458,False,False,False,False
SOCS3,M09,-0.4462135979288803,False,False,False,False
ELF5,M09,-0.1344179557955495,False,False,False,False
PCSK2,M09,-0.20956181534431736,False,False,False,False
ZFP36,M09,-0.49538986717969624,False,False,False,False
SLCO2A1,M09,-0.7948727729443889,True,False,False,False
CYP1B1,M09,-0.11800524955845387,False,False,False,False
SVEP1,M09,-0.5365484148579981,False,False,False,False
AFF3,M09,-0.8513481371218716,True,False,False,False
SLC1A3,M09,-0.3435067808322884,False,False,False,False
CSRNP1,M09,-0.753687544532745,False,False,False,False
LOC441081,M09,-0.5070953472166402,False,False,False,False
SAA2,M09,0.19297419203051616,False,False,False,False
NAMPT,M09,-0.6027652603845591,False,False,False,False
S100A9,M09,-0.7506110533062054,False,False,False,False
DUSP1,M09,-0.6211159892702239,False,False,False,False
CCL4L2,M09,-0.30228795770570954,False,False,False,False
ZNF385B,M09,-0.8602660375776685,True,False,False,False
CSF3R,M09,-0.8557672640953355,True,True,True,False
SPOCK2,M09,-0.7846810258066638,False,False,False,False
EMR1,M09,-0.5939828473950926,False,False,False,False
PKHD1L1,M09,-0.3522753919172177,False,False,False,False
PTPRB,M09,-0.8085647117073291,True,False,False,False
TNFAIP3,M09,-0.2862834425005405,False,False,False,False
HPR,M09,-0.2551930466849021,False,False,False,False
ANXA3,M09,-0.7581219167408716,False,False,False,False
RANBP3L,M09,-0.48892532786762277,False,False,False,False
CXCL5,M09,-0.2279649566804256,False,False,False,False
RN7SL473P,M09,-0.48837387342455474,False,False,False,False
MCEMP1,M09,-0.6697092756562087,False,False,False,False
CYP2B7P,M09,-0.002492540822236012,False,False,False,False
PIEZO2,M09,0.1385148761345175,False,False,False,False
NPR3,M09,-0.6136134695452357,False,False,False,False
NAPSA,M09,-0.6967167492659266,False,False,False,False
HMGCS1,M09,-0.7174306320535997,False,False,False,False
ST8SIA6,M09,-0.4833018741141022,False,False,False,False
PROK2,M09,-0.6583153952478248,False,False,False,False
LAMP3,M09,-0.819374551529115,False,False,False,False
SAA1,M09,-0.05834184782927965,False,False,False,False
SULT1B1,M09,-0.7798106071921204,False,False,False,False
SFTPC,M09,-0.6750350315651495,False,False,False,False
VNN1,M09,-0.34295387944232364,False,False,False,False
DDIT4,M09,-0.2694481860951663,False,False,False,False
KLF4,M09,-0.7454081210400819,False,False,False,False
LRRN4,M09,-0.6850127783647275,True,False,False,False
TIMP3,M09,-0.5561908437241451,False,False,False,False
DPP4,M09,-0.38888916746763436,False,False,False,False
FIBIN,M09,-0.6353518389275685,True,False,False,False
SFTPD,M09,-0.7707445868678175,False,False,False,False
CH25H,M09,0.060469694584715426,False,False,False,False
SLC1A1,M09,-0.7477506272073761,False,False,False,False
LIPG,M09,-0.3284773204337482,False,False,False,False
PLA1A,M09,-0.7703187635898411,False,False,False,False
CXCL8,M09,0.08861013957569464,False,False,False,False
SPRY4,M09,-0.8205468090813445,False,False,False,False
LRRN3,M09,-0.4918919404413732,False,False,False,False
PTGS2,M09,-0.02891681644162551,False,False,False,False
SFTA2,M09,-0.7459284139476889,True,False,False,False
F11,M09,-0.7854125111709869,False,False,False,False
MT1G,M09,-0.5118599954377208,False,False,False,False
CXCL1,M09,0.34334047859725214,False,False,False,False
SLC19A3,M09,-0.8434442329596972,True,False,True,False
NLRC4,M09,-0.7567107109187657,False,False,False,False
SCN1A,M09,-0.8046468049033008,True,False,False,False
P2RY1,M09,-0.8957938334909394,False,False,False,False
F2RL3,M09,-0.6860237713182962,True,False,False,False
STXBP6,M09,-0.8605101967261226,False,False,False,False
CD36,M09,-0.546108727864136,False,False,False,False
SIK1,M09,-0.4823874172630077,False,False,False,False
CX3CL1,M09,-0.19842284110305738,False,False,False,False
MSMO1,M09,-0.7435376847848171,False,False,False,False
SERPINB2,M09,0.24036264058081008,False,False,False,False
MEDAG,M09,0.04815311702950894,False,False,False,False
GPX3,M09,-0.828899470416527,True,True,True,False
SCN7A,M09,-0.6334501567283879,False,False,False,False
PHEX,M09,-0.3843553334697358,False,False,False,False
SLC26A9,M09,-0.7817050649816211,False,False,False,False
VSIG4,M09,-0.7294999585248675,False,False,False,False
DUOX1,M09,-0.6142143727608338,True,False,False,False
GRASP,M09,-0.8187895835531663,True,True,True,False
CHIA,M09,-0.4089288832730958,False,False,False,False
ACOXL,M09,-0.6769547157702402,False,False,False,False
CLEC4D,M09,-0.6553798604864595,False,False,False,False
JUNB,M09,-0.43405601160314916,False,False,False,False
MSR1,M09,-0.49992320488248104,False,False,False,False
SEMA6A,M09,-0.6709983024415488,False,False,False,False
RNU4-87P,M09,-0.3908411771289591,False,False,False,False
SLC11A1,M09,-0.8051703688779486,False,False,False,False
PER1,M09,-0.5980143109144205,False,False,False,False
SHISA3,M09,-0.38556546583165363,False,False,False,False
LPL,M09,-0.7788685026652121,False,False,False,False
ALPL,M09,-0.7447944431158386,False,False,False,False
ID1,M09,-0.7332693399397511,True,False,False,False
CXCR2,M09,-0.6176988473706405,False,False,False,False
DCSTAMP,M09,-0.16801847012278812,False,False,False,False
SNORD25,M09,-0.16795590827551,False,False,False,False
CR1,M09,-0.4785576437235125,False,False,False,False
TMEM2,M09,-0.8014637955149156,False,False,False,False
RNASE2,M09,-0.6334818674985512,False,False,False,False
GPR4,M09,-0.7428761788572958,False,False,False,False
DISP1,M09,-0.6786000974295208,False,False,False,False
TEK,M09,-0.7372611322458189,False,False,False,False
FAM150B,M09,-0.6817709569687925,False,False,False,False
RNU6-768P,M09,-0.4273042667357363,False,False,False,False
MRC1,M09,-0.696175223453763,False,False,False,False
FMN1,M09,-0.3439046000085354,False,False,False,False
CDH5,M09,-0.7963951882067529,False,False,False,False
NPR1,M09,-0.854656461496197,True,True,True,False
SLC19A2,M09,-0.5670579475093428,False,False,False,False
GCOM1,M09,-0.7694065640666279,False,False,False,False
CYP4B1,M09,-0.10854717418896413,False,False,False,False
FCGR3A,M09,-0.5761665544368864,False,False,False,False
CLEC12A,M09,-0.47238573549717944,False,False,False,False
CDH13,M09,-0.6080633124371848,False,False,False,False
ACSL1,M09,-0.8048861263513243,False,False,False,False
PLA2G10,M09,-0.12098204014510722,False,False,False,False
RGCC,M09,-0.8188109049717411,True,False,False,False
RN7SL368P,M09,-0.3214055359058936,False,False,False,False
RAPGEF5,M09,-0.8074675362864525,False,False,False,False
ROS1,M09,-0.5196286205001318,False,False,False,False
CYP3A5,M09,-0.7334083135040959,False,False,False,False
MOP-1,M09,-0.16644524203899752,False,False,False,False
MARCO,M09,-0.4342604621047314,False,False,False,False
EMCN,M09,-0.30051415048626606,False,False,False,False
BDKRB1,M09,0.1500192137925082,False,False,False,False
ARNTL,M09,-0.43877198959513836,False,False,False,False
CCDC68,M09,-0.7024157058521808,False,False,False,False
CALCRL,M09,-0.6194564708803119,False,False,False,False
KAL1,M09,-0.19484176865429648,False,False,False,False
LGI3,M09,-0.7099297346042728,False,False,False,False
ADTRP,M09,-0.4062358029405882,False,False,False,False
ENPEP,M09,-0.29909747085657556,False,False,False,False
PDGFRA,M09,-0.7043551474260894,False,False,False,False
CCR2,M09,-0.10464877464762525,False,False,False,False
PAPSS2,M09,-0.9496408477398032,True,False,True,False
ITK,M09,-0.14607293415478262,False,False,False,False
EREG,M09,-0.12904586046016772,False,False,False,False
MYC,M09,-0.3070922148455876,False,False,False,False
KIR3DL3,M09,-0.5658959084316064,False,False,False,False
PCOLCE2,M09,-0.5702923464929613,False,False,False,False
CEMIP,M09,0.01872177348611037,False,False,False,False
SLIT2,M09,-0.6376506268939076,False,False,False,False
KIAA1324L,M09,-0.8141389438738058,False,False,False,False
EDNRB,M09,-0.7776451988256757,False,False,False,False
RASD1,M09,-0.41260691236180114,False,False,False,False
TLR2,M09,-0.711070444056151,False,False,False,False
PEG10,M09,-0.31964570816677745,False,False,False,False
FLT1,M09,-0.7510484241675061,False,False,False,False
ITLN2,M09,-0.7385339363218547,True,False,True,False
ITGA10,M09,-0.7209403464113611,False,False,False,False
C10ORF10,M09,-0.3608270182347355,False,False,False,False
AQP4,M09,-0.4643422885593394,False,False,False,False
CD101,M09,-0.6069477706108108,False,False,False,False
PSAT1,M09,0.05076831512441061,False,False,False,False
RGS2,M09,-0.44976696248036896,False,False,False,False
AZGP1,M09,-0.1699078196269017,False,False,False,False
APLN,M09,-0.2825492281959208,False,False,False,False
KHDRBS2,M09,-0.37244702262116436,False,False,False,False
HCAR3,M09,-0.1260501374298062,False,False,False,False
ACSM3,M09,-0.6146360217730565,False,False,False,False
ACVRL1,M09,-0.8773404285757905,True,False,False,False
CYP1A1,M09,-0.30057189307085747,False,False,False,False
EDN1,M09,-0.6029626603962005,False,False,False,False
CA2,M09,-0.7540373271519955,False,False,False,False
IRF1,M09,-0.32536681616515617,False,False,False,False
CD177,M09,-0.223658557639657,False,False,False,False
LRRC32,M09,-0.7285284945695899,True,False,False,False
SFTPA1,M09,-0.7435752551500856,False,False,False,False
FREM2,M09,-0.4833026619037145,False,False,False,False
PLLP,M09,-0.8563520287216287,True,False,False,False
PON3,M09,-0.4737297660568004,False,False,False,False
TREM1,M09,-0.6985047447683286,False,False,False,False
STAC,M09,-0.4732574656267057,False,False,False,False
CCDC102B,M09,-0.06870825566643232,False,False,False,False
GPR97,M09,-0.605001188225781,False,False,False,False
COLEC10,M09,-0.4591832933033191,False,False,False,False
CXCL2,M09,-0.3850845926550635,False,False,False,False
HMOX1,M09,-0.6210602739439374,False,False,False,False
GPA33,M09,-0.40176473638450694,False,False,False,False
DHCR7,M09,-0.7028946875966655,False,False,False,False
SLA,M09,-0.7272433073370614,False,False,False,False
KRT16P2,M09,-0.12990970661284887,False,False,False,False
TFCP2L1,M09,-0.5055281082293065,False,False,False,False
CTGF,M09,-0.377207438173104,False,False,False,False
CRISPLD2,M09,-0.4357777753893684,False,False,False,False
FYB,M09,-0.2304029411237942,False,False,False,False
ITPKC,M09,-0.5429490504106923,False,False,False,False
PDCD1LG2,M09,-0.4186994760867658,False,False,False,False
SELL,M09,-0.4174796493920448,False,False,False,False
SNX10,M09,-0.5978615571735059,False,False,False,False
NFIL3,M09,-0.45253955092428405,False,False,False,False
SEMA3G,M09,-0.6773556579631674,False,False,False,False
PCDH17,M09,-0.33352569593524845,False,False,False,False
ANPEP,M09,-0.014914922212145776,False,False,False,False
RBP4,M09,-0.4273029394662285,False,False,False,False
RGS18,M09,-0.7647722904933973,False,False,False,False
MATN3,M09,-0.8019367536964429,False,False,False,False
TNFRSF11B,M09,-0.2158908451731849,False,False,False,False
C11ORF96,M09,-0.4554968626723071,False,False,False,False
STX11,M09,-0.8712658717291422,False,False,False,False
FFAR4,M09,-0.4517201886713274,False,False,False,False
GLT1D1,M09,-0.7449253075322053,False,True,False,False
ETV1,M09,-0.5526765229272369,False,False,False,False
LAMA3,M09,-0.7884811577279824,False,False,False,False
MS4A4A,M09,-0.3839671368108504,False,False,False,False
SEC14L4,M09,-0.7192796374624926,False,False,False,False
ATP13A4,M09,-0.4956094990094078,False,False,False,False
LIPH,M09,-0.22667918930552877,False,False,False,False
SFTPA2,M09,-0.7343920091556017,False,False,False,False
ARHGEF26,M09,-0.8246555778579391,False,False,False,False
RARRES1,M09,0.15850219128638204,False,False,False,False
C5,M09,-0.40741131127995356,False,False,False,False
CD300E,M09,-0.6718690084111452,False,False,False,False
NOTCH4,M09,-0.7391483683760146,False,False,False,False
CCR1,M09,-0.2930603997975482,False,False,False,False
SUSD2,M09,-0.6061878288387442,False,False,False,False
ACKR4,M09,-0.39350727083956244,False,False,False,False
IFI27,M09,-0.5879969113674889,False,False,False,False
AKR1C2,M09,-0.2527207460105408,False,False,False,False
ITGB6,M09,-0.21923575712705232,False,False,False,False
TIMP4,M09,-0.39641932935059515,False,False,False,False
MAMDC2,M09,-0.2018901077603785,False,False,False,False
KMO,M09,-0.5513662856717709,False,False,False,False
MAP2,M09,-0.7679581304203766,False,False,False,False
COL6A5,M09,-0.14802327943496632,False,False,False,False
SLED1,M09,-0.6990867724985181,False,False,False,False
ICAM1,M09,-0.40905754509357845,False,False,False,False
LY86,M09,-0.3303125202664622,False,False,False,False
NOSTRIN,M09,-0.6091642040704616,False,False,False,False
TBX3,M09,-0.7695115214178072,False,False,False,False
PRDM1,M09,-0.021350565692480266,False,False,False,False
ATP6AP1L,M09,-0.6204203476416855,False,False,False,False
IL3RA,M09,-0.442506208318287,False,False,False,False
AMICA1,M09,-0.5925128128420397,False,False,False,False
FHDC1,M09,-0.653956239765899,False,False,False,False
C2,M09,-0.7600857374710459,False,False,False,False
S1PR1,M09,-0.8582461202094167,True,False,False,False
ESYT3,M09,-0.8070069842159917,False,False,False,False
C1ORF162,M09,-0.7692451404142293,False,False,False,False
SLAMF6,M09,-0.05522743105238425,False,False,False,False
DKK2,M09,-0.433397054991301,False,False,False,False
HIF3A,M09,-0.6605747445813169,True,False,False,False
TMTC1,M09,-0.3939960279989491,False,False,False,False
PLEK,M09,-0.24506924523048912,False,False,False,False
HCK,M09,-0.697879935021152,False,False,False,False
DPCR1,M09,-0.7757263418048951,False,False,False,False
CASP5,M09,-0.6041598219678829,False,False,False,False
GPC5,M09,-0.07802526762495392,False,False,False,False
GALNT5,M09,-0.32924009740237214,False,False,False,False
MACROD2,M09,-0.28993759000759683,False,False,False,False
ACAT2,M09,-0.6474735383862381,False,False,False,False
SNORD80,M09,-0.042012721979671645,False,False,False,False
PREX1,M09,-0.8301357072677541,False,False,False,False
MSLN,M09,-0.11172046460531407,False,False,False,False
LIFR,M09,-0.6409164871569245,False,False,False,False
SCIMP,M09,-0.5363647925596908,False,False,False,False
CCL4,M09,-0.3213481159337432,False,False,False,False
CYTIP,M09,-0.3659215836938118,False,False,False,False
FAM105A,M09,-0.8873711987521539,False,False,False,False
RNF122,M09,-0.33605575631709517,False,False,False,False
TNNC1,M09,-0.6469632733176901,False,False,False,False
ARRDC2,M09,-0.6347828129501395,False,False,False,False
C8ORF4,M09,-0.334030823144417,False,False,False,False
LAMA2,M09,-0.4841453056949382,False,False,False,False
NID1,M09,-0.6065223972548279,False,False,False,False
FAM65B,M09,-0.6442071773071363,False,False,False,False
TMEM163,M09,-0.6977652071113565,False,False,False,False
SRPX2,M09,-0.3543569949609424,False,False,False,False
NCF2,M09,-0.6336706522330809,False,False,False,False
NCAM2,M09,-0.3355232039879567,False,False,False,False
HCAR2,M09,-0.0632323363383551,False,False,False,False
SNX25,M09,-0.6785945079689544,False,False,False,False
GALNT18,M09,-0.7715406114123542,False,False,False,False
LDLR,M09,-0.7217796464036065,False,False,False,False
SLC22A3,M09,-0.5193675485186536,False,False,False,False
NPNT,M09,-0.6566912157939906,False,False,False,False
SIRPB1,M09,-0.5498062433785489,False,False,False,False
FADS1,M09,-0.7472003721241811,False,False,False,False
LPHN2,M09,-0.7858211472476487,False,False,False,False
SNORD12C,M09,-0.4914542830865697,False,False,False,False
LOX,M09,-0.21545892252305557,False,False,False,False
MMP19,M09,-0.3439115201484803,False,False,False,False
MPEG1,M09,-0.43843267605314856,False,False,False,False
HILPDA,M09,0.1232121205423759,False,False,False,False
SNORD49A,M09,-0.2771841255634176,False,False,False,False
LILRA3,M09,-0.48312781924010834,False,False,False,False
IRAK3,M09,-0.6159695651780623,False,False,False,False
GATA2,M09,-0.6982317409794349,False,False,False,False
CXCR1,M09,-0.6677802086775877,False,False,False,False
FRAS1,M09,-0.025890276143400972,False,False,False,False
EGR2,M09,-0.007994935940798592,False,False,False,False
SLC16A10,M09,-0.36900589640360415,False,False,False,False
RN7SKP268,M09,-0.45195281068806564,False,False,False,False
GPM6A,M09,-0.7061344265971454,False,False,False,False
ITGAL,M09,-0.4570841753755738,False,False,False,False
AASS,M09,-0.5522875237215586,False,False,False,False
CXCR4,M09,-0.1918447507112344,False,False,False,False
ROBO4,M09,-0.7185243716970476,False,False,False,False
ERRFI1,M09,-0.5820186900597839,False,False,False,False
TRHDE,M09,-0.5396168718554237,False,False,False,False
SLC7A5,M09,-0.13268075100742688,False,False,False,False
CD52,M09,-0.41429186962311937,False,False,False,False
SNORD78,M09,-0.18653148290024651,False,False,False,False
AOAH,M09,-0.3806260357857468,False,False,False,False
TNFSF10,M09,-0.10635646500193148,False,False,False,False
SNORD59B,M09,-0.29343213330167744,False,False,False,False
HEY1,M09,-0.6279436494064735,False,False,False,False
LY6G5B,M09,-0.32483249344183956,False,False,False,False
KLF9,M09,-0.6391233929779873,False,False,False,False
ARG1,M09,-0.6433892423269069,False,False,False,False
COL4A1,M09,-0.4171029569151005,False,False,False,False
RN7SL749P,M09,-0.5924065529614954,False,False,False,False
B3GALT2,M09,-0.2296699807903625,False,False,False,False
BIRC3,M09,0.10355001409174285,False,False,False,False
RNU6-433P,M09,-0.3809369206415444,False,False,False,False
BMP2,M09,-0.7032176569730546,False,False,False,False
PRF1,M09,-0.5954636339640497,False,False,False,False
FLVCR2,M09,-0.7998650044873172,False,False,False,False
CNTN6,M09,-0.41189437297772735,False,False,False,False
NPAS2,M09,-0.004271067006442336,False,False,False,False
HK3,M09,-0.7009480366328013,False,False,False,False
PRELP,M09,-0.467587295726682,False,False,False,False
CBS,M09,-0.701931505082877,False,True,False,False
TACC2,M09,-0.6019022086487509,False,False,False,False
SRPX,M09,-0.47516255647133465,False,False,False,False
USP53,M09,-0.6733834695954357,False,False,False,False
NPL,M09,-0.42059355417108923,False,False,False,False
MNDA,M09,-0.6259629091412533,False,False,False,False
OLFM4,M09,-0.30353435325652556,False,False,False,False
TFRC,M09,-0.4370237716243812,False,False,False,False
NFKBIA,M09,-0.7162766218686084,False,False,False,False
MEFV,M09,-0.7675463409204957,False,False,False,False
EPAS1,M09,-0.8465544111553992,False,False,False,False
SIGLEC10,M09,-0.5612674218875521,False,False,False,False
PPP4R4,M09,-0.43377318034914636,False,False,False,False
EFNB2,M09,-0.7585408738384749,False,False,False,False
CCBE1,M09,-0.76506785924617,False,False,False,False
ANKRD29,M09,-0.6907164210898877,False,False,False,False
SLC2A3,M09,-0.6467354334694612,False,False,False,False
VWF,M09,-0.4924860208948257,False,False,False,False
MAOA,M09,-0.7823833487627753,False,False,False,False
GPR65,M09,-0.23970211780105455,False,False,False,False
PRR15L,M09,-0.5211792789920073,False,False,False,False
SOD2,M09,-0.45597137090762,False,False,False,False
CLEC7A,M09,-0.6779785091315053,False,False,False,False
SAMSN1,M09,-0.3507798291543213,False,False,False,False
AIF1,M09,-0.475451446202936,False,False,False,False
C1QA,M09,-0.6630171230177233,False,False,False,False
C1QB,M09,-0.6890204037253862,False,False,False,False
CD44,M09,-0.1719466985931662,False,False,False,False
CD68,M09,-0.4962596387951776,False,False,False,False
CLDN5,M09,-0.6126625962099728,False,False,False,False
ENG,M09,-0.6279903731033151,False,False,False,False
FCER1G,M09,-0.5931884405012872,False,False,False,False
FZD2,M09,-0.20717475825019435,False,False,False,False
FZD5,M09,-0.8032047599009762,False,False,False,False
GZMB,M09,-0.301990784257965,False,False,False,False
IL1R1,M09,-0.11294626102796765,False,False,False,False
KDR,M09,-0.5264256036033892,False,False,False,False
LST1,M09,-0.427693345399356,False,False,False,False
MIF,M09,-0.15599076952342478,False,False,False,False
PECAM1,M09,-0.7559209763327168,False,False,False,False
TGFB1,M09,-0.3974314859571686,False,False,False,False
TNFRSF12A,M09,-0.2965327701664196,False,False,False,False
TNIK,M09,-0.39417165473158594,False,False,False,True
TYROBP,M09,-0.5121490207668438,False,False,False,False
CXCL10,M10,0.6985139227998146,False,False,False,False
HLA-DRB5,M10,0.11393141578649223,False,False,False,False
HLA-DQB1,M10,0.20097395324039136,False,False,False,False
ERAP2,M10,0.36428364274736813,False,False,False,False
IDO1,M10,0.5882601428935239,False,False,False,False
HLA-DQA1,M10,0.26219304673377714,False,False,False,False
HBB,M10,0.2799550481886896,False,False,False,False
CCL18,M10,0.4033272160888801,True,False,False,False
HBA2,M10,0.2671428255200338,False,False,False,False
HLA-DRB3,M10,0.19323701831673668,False,False,False,False
IFI44L,M10,0.6118044065275511,False,False,False,False
HLA-DRB1,M10,0.20598340642039917,False,False,False,False
GBP5,M10,0.8622776331002886,False,False,False,False
CXCL11,M10,0.592859926086909,False,False,False,False
GZMK,M10,0.6961719230966313,False,False,False,False
CCL8,M10,0.63507055708616,False,False,False,False
ANKRD22,M10,0.6138122091913341,False,False,False,False
CXCL9,M10,0.8016567765732147,False,False,False,False
GBP4,M10,0.5862097736038689,False,False,False,False
GPR174,M10,0.7832348202140623,False,False,False,False
GBP3,M10,0.4640196451101244,False,False,False,False
MIR21,M10,0.28457632227541474,False,False,False,False
HLA-DPB1,M10,0.4786288901598422,False,False,False,False
CCL19,M10,0.5261525588503453,False,False,False,False
GBP1,M10,0.6877711337213563,False,False,False,False
SNORD14E,M10,0.37682178060508686,False,False,False,False
UBD,M10,0.6484167117593013,False,False,False,False
PAX8-AS1,M10,0.13864192623023633,False,False,False,False
FPR3,M10,0.6148875477766478,False,False,False,False
CD2,M10,0.8918741045398498,False,False,False,False
IFNG,M10,0.6500336871033489,False,False,False,False
THEMIS,M10,0.8218017560421669,False,False,False,False
KLRC4-KLRK1,M10,0.6924245177696886,False,False,False,False
RSAD2,M10,0.6063247405450598,False,False,False,False
RASGRP1,M10,0.8063530885274249,False,False,False,False
PTGES3P1,M10,0.48781097095238396,False,False,False,False
KLRG1,M10,0.6025630002822174,False,False,False,False
SERPINB9P1,M10,0.20607338321793403,False,False,False,False
TNFSF13B,M10,0.7260750152529061,False,False,False,False
FGL2,M10,0.693549773752166,False,False,False,False
GZMA,M10,0.7960812717236017,False,False,False,False
IFI44,M10,0.6199346131410837,False,False,False,False
TLR7,M10,0.7073969617569272,False,False,False,False
KLRC4,M10,0.4775128657561684,False,False,False,False
CD3G,M10,0.8589509411133393,False,False,False,False
CCL5,M10,0.8618939980985075,False,False,False,False
CD96,M10,0.7872821069337086,False,False,False,False
CD3D,M10,0.7887017484560587,False,False,False,False
CD3E,M10,0.8006706246546754,False,False,False,False
CD4,M10,0.7101714974018871,False,False,False,False
CD74,M10,0.6307368026995432,False,False,False,False
CD8A,M10,0.4933657617935748,False,False,False,False
CD8B,M10,0.31482609023090724,False,False,False,False
ITGA4,M10,0.7986161802365671,False,False,False,False
TNF,M10,0.4440219485192279,False,False,False,False
